<?xml version="1.0" encoding="UTF-8"?>
<beans xmlns="http://www.springframework.org/schema/beans"
	xmlns:xsi="http://www.w3.org/2001/XMLSchema-instance"
	xmlns:mvc="http://www.springframework.org/schema/mvc"
	xmlns:tx="http://www.springframework.org/schema/tx"
	xmlns:context="http://www.springframework.org/schema/context"
	xsi:schemaLocation="
        http://www.springframework.org/schema/beans http://www.springframework.org/schema/beans/spring-beans.xsd
        http://www.springframework.org/schema/context http://www.springframework.org/schema/context/spring-context.xsd
        http://www.springframework.org/schema/mvc http://www.springframework.org/schema/mvc/spring-mvc.xsd
        http://www.springframework.org/schema/tx http://www.springframework.org/schema/tx/spring-tx.xsd">

	<!-- spring to find where controller class is present -->
	<context:component-scan base-package="org.simplilearn.workshop"/>
	
	
	<!--  Add support for conversion, formatting and validation support -->
	<mvc:annotation-driven/>

	<!-- dispatcherServlet consults view resolver for physical path  -->
	<bean class="org.springframework.web.servlet.view.InternalResourceViewResolver">
		<property name="prefix" value="/WEB-INF/views/" />
		<property name="suffix" value=".jsp" />
	</bean>
	
	<bean id="myDataSource" class="com.mchange.v2.c3p0.ComboPooledDataSource" destroy-method="close">
		<property name="driverClass" value="com.mysql.cj.jdbc.Driver"/>
		<property name="jdbcUrl" value="jdbc:mysql://localhost:3306/bank?useSSL=false"/>
		<property name="user" value="root"/>
		<property name="password" value="ThinkPad@66"/>
	
		<property name="minPoolSize" value="5"/>
		<property name="maxPoolSize" value="20"/>
		<property name="maxIdleTime" value="30000"/>
	</bean>
	
	<bean id="sessionFactory" class="org.springframework.orm.hibernate5.LocalSessionFactoryBean">
		<property name="dataSource" ref="myDataSource"/>
		<property name="packagesToScan" value="org.simplilearn.workshop.model"/>
		<property name="hibernateProperties">
			<props>
				<prop key="hibernate.dialect">org.hibernate.dialect.MySQL8Dialect</prop>
				<prop key="hibernate.show_sql">true</prop>
			</props>
		</property>
	</bean>
	
	<bean id="myTransactionManager" class="org.springframework.orm.hibernate5.HibernateTransactionManager">
		<property name="sessionFactory" ref="sessionFactory"/>
	</bean>

	<tx:annotation-driven transaction-manager="myTransactionManager"/>
	
	<mvc:resources location="/resources/" mapping="/resources/**"/>
</beans>